id,answer
1/0.jpg,An Quý Quỳnh Phu Thái Bình
1/1.jpg,354/7/7 Nguyễn Tri Phưng P9 Q54 Tp Hồ Chí Minh
1/2.jpg,Tdp Thanh Bình Thị Trấn Ki Long Giang Bắc Giang
1/3.jpg,77/242 Bùu Thị Xuân Thuỷý Biên Huế Thừa Thiên Huế
1/4.jpg,Ấp Cầu Tre Long Thới Tiều Cần Trà Vinh
1/5.jpg,H Đông Hỹ T Thừa Nguyên
1/6.jpg,Thạnh Phước Thanh Ho Long An
1/7.jpg,Thường Xuân Bạch Thuận Vũ Thư Thái Bình
1/8.jpg,Đông Vinh Hà Vinh Hà Tung Thanh Hoá
1/9.jpg,Tổ 75 Trường Phú Vĩnh Phước Nha Trang Khán Hoà
1/10.jpg,Ấp Ngọc Hồ Tam Ngãi Cầun Cà Trà Vinh
1/11.jpg,11 Đờng 32 Tân Liễng Quận 6 Tp Hồ Chí Minh
1/12.jpg,Phường 3 Thị Xã Ngã Nơn Sóc Trăng
1/13.jpg,Tổ 55 Hoà An Cẩn Lê Đà Nẵng
1/14.jpg,Thôn 1 Ea Khu C Kam Đk Lắk
1/15.jpg,Thuận Lộc Thành Phố Huế Thừa Thiên Huế
1/16.jpg,5/7 Huỳnh Tón Phốt Tân Phú Quận 6 Tp Hồ Chí Minh
1/17.jpg,486/8 Hoà Lộc Vĩnh Hoà Chợ Lách Bến Tre
1/18.jpg,Khu Cẩn Trung Tp Hải Dương Hải Dương
1/19.jpg,972 77 95 Kp 8 Tam Bình Thành Phố Thủ Đức Hồ Chí Minh
1/20.jpg,Tổ 8 Ap Cà Na An Bình Phư Sóc Bình Dương
1/21.jpg,Quảng Cát Tp Thanh Hoá Thanh Hoá
1/22.jpg,Hà Lam Thăng Bình Quảng Nam
1/23.jpg,Ninh Đa Thị Xã Ninh Hoà Khánh Hoà
1/24.jpg,Thôn Lý Trường Bình Phú Thông Bình Quảng Nam
1/25.jpg,55 Cống L Phường 22 Tân Bình Tp Hồ Chí Minh
1/26.jpg,P7 Bảo An Tp Phan Rang Thấp Chân Ninh Thuận
14/0.jpg,99/75 Lý Chánh Thắng P  Thị Sái Q 9 Tp Hồ Chí Minh
14/1.jpg,Thôn Lăng Quảng Trị Phú Chiâm Hảá Tuyên Quang
14/2.jpg,483/7 Kp8 Tam Hiệp Thành Phố Biên Hoà Đồng Nai
14/3.jpg,Thôn Diêm Vân Phước Thuận Ty Phước Bình Định
14/4.jpg,97/6 Tp Thạnh Qu A Bình Thạnh Thanh Phú Bến Tre
14/5.jpg,Phù Đông Nhơn Trạch Đông Nai
14/6.jpg,178b Ấp 8 Nhơn Đức Nhà Vê Hồ Chí Minh
14/7.jpg,S 87 Trần Kim Xuyến Hoà Xuân Cẩm Lợ Đà Nẵng
14/8.jpg,Hương Ngãi Thạch Thết Hà Nội
14/9.jpg,7738/73 Phạn Thứ Hiền Phường 4 Quận 6 Tp Hồ Chí Minh
14/10.jpg,Xuân Thành Xuân Lộc Đồng Nai
14/11.jpg,T Kha Phố A Thị Tấn Tân Hiệp Tân Hiệp Kiên Giang
14/12.jpg,2556/37 T9 81 Tân Tâa Bình Tân Tp Hồ Chí Minh
14/13.jpg,Thị Trấn Mỹ Lương Chg Mi An Giang
14/14.jpg,Tổ 3 Hại Thường Thành Phố Pư a Gia Lau
14/15.jpg,Tân Thành Tp Ninh Bình Ninh Bình
14/16.jpg,Xã Đông Xuân Hưgk Đông Hưng T Thái Bình
14/17.jpg,Cẩm Châu Cẩm Thỷ Thanh Hoá
14/18.jpg,Tum Ngọc Thành Phố Tam Cỳ Quảng Nam
14/19.jpg,Xuân Tây Trờng Xuân Tan Kỳ Quảng Nam
14/20.jpg,Hà Bắc Đại Nghĩa Đại Lộc Quảng Nam
14/21.jpg,Thanh Mỹ Lạ Tp Thủ Đức Hồ Chí Minh
14/22.jpg,Phú Tân Châu Thành Sóc Trăng
14/23.jpg,498/39 Lạc Long Quân Phường 1 Quận 64 Tp Hồ Chí Minh
14/24.jpg,Bình Tị Bình Sơn Chuảng Nội
14/25.jpg,Bản Chuới Lâm Hoá Tuyên Quang Quảng Bình
14/26.jpg,59 Linh Trung K3 Linh Truy Thành Phú Thừ Đức Hồ Chí Minh
16/0.jpg,Thông Giang Hồng 7 Cầẩm Giang Cẩn Thuỷ Thanh Hoá
16/1.jpg,Ấp 5 Mỹ Đông Tháp Mườn Đồng Tháp
16/2.jpg,Tưng Qang Bình Chánh Tp Hồ Chí Minh
16/3.jpg,Ấp Pn Muỳ Hạa Phú Thọ Phú Tấn An Giang
16/4.jpg,Điếu Ku 75 Tt Phù Yên
16/5.jpg,Huyên Pìm Mỹ Bình Định
16/6.jpg,Ấp Hậu Bố Đại Hỏi Kế Sá Sốc Trăng
16/7.jpg,Tổ Hồ An Mỹ Quyỳnh Pu Thin Ginh
16/8.jpg,Dú Thờng Tp Mhan Thiết Bình Thuận
16/9.jpg,Bìn Khánh Thành Phố Long Xuyên An Giang
16/10.jpg,2/6 Phạm Vĩk Chanh P9 Bình Trạnh Tồ Chí Minh
16/11.jpg,Hoản Cảng Thành Phố Quy Khơn Bình Định
16/12.jpg,Xóm 21 Thôn Tuân Lễ Phước Hiệp Tuy Phước Bần Định
16/13.jpg,Thôn 9 Lóm Trạch Bố Tạn Quảng Bình
16/14.jpg,Thị Xã Bình Minh Vĩnhc Long
16/15.jpg,Ấp 6 Tân Lộc Trến Bình Cà Mau
16/16.jpg,Kến Thuy Hải Phòng
16/17.jpg,22/256 Trường Trùnh Puang Trính Tp Nam Định
16/18.jpg,Trung An Mỹ Tha Tiền Giang
16/19.jpg,Tổ 1 Thông 9 Hẩm Đức Hầm Thuận Bắc Bìn Thuận
16/20.jpg,Ấp Sảc Sang Ngọc Thành Giềng Kưằng
16/21.jpg,Ấp Bến Sần Phước Thiền Nhơn Trạcn Đồng Nai
16/22.jpg,Nam C5 Tiền Hiảu Minh Quảng Niớc Quảng Bình
16/23.jpg,Thị Trấn Quảng Hã Hản Hà Quảng Minh
16/24.jpg,Tổ 69 Kha Phố 4 Trần Quang Diệu Tp Quy Nhân Bình Định
16/25.jpg,Bình Lôn Bình Chánh Tp Hồ Chí Minh
16/26.jpg,Điện Quảng Thái Xã Điện ần Quảng Kn
25/0.jpg,Ấp 6 Tắn Vân Tp Cà Mau Cà Mau
25/1.jpg,Tấu Tầu Tp Phau Rang Thánp Châm Ninh Thuận
25/2.jpg,Tổ 63 Nại Hiận Đông Sơu Trà Đà Nẵng
25/3.jpg,Sa Nghn An Cđ Châu Thành Tây Ninh
25/4.jpg,Ấp Tân Thàn Lợi An Trần Vân Thừi Cà Mau
25/5.jpg,Thôn 6 Ba Trại Ba Vê Hà Nội
25/6.jpg,Xáửi Đềi Hộp Tới Kim Bằề Hoài Bình
25/7.jpg,Hoằng Diệu Hải Châu Đà Nẵng
25/8.jpg,Long Hậu Lâu Vưng Đồng Thp
25/9.jpg,Phường 79 Quậu  Tp Hồ Chíú Niên
25/10.jpg,Xóám Đồng Mạc Tiân Hô Đạc Tu Thái Nguyên
25/11.jpg,Hiệp Bình Phướ Tp Thú Đưứa Tp Hồ Chí Min
25/12.jpg,Thị Trấn Ca Thường Tân Yên Bải Giang
25/13.jpg,88 Ki Thạnh Mỹy Thường Thạnh Cái Rằng Cầu Thơ
25/14.jpg,An Truạnh Đông Hảiu Bại Lên
25/15.jpg,Xóm Lâm Trạg Giau Phang Gia Thưỷ Nam Định
25/16.jpg,Xóm 4 Nam Hải Nghữa Hảu Ng iữa Hưng Nam Định
25/17.jpg,Thôn Phú Mỷ 8 Phướ Lội Tuy Phước Bình Định
25/18.jpg,Ấp Phú Quỷ 7 La Ngã Định Quân Đồng Nai
25/19.jpg,Tổ  Ấp Tỷ Tân Mỹ Hậ Đông Chợ Nới An Giang
25/20.jpg,H ây 98 Ka Đn Đông iáh Tân Khanh Đông Sauớc Đồng Thọ
25/21.jpg,Đần Đồng Dền Châu Nghệ An
25/22.jpg,Ấp Đần Viân Thạnh Dưới Mỹ Xuyên Sác Trăng
25/23.jpg,Tâu Tiều Vĩnh Trường Vĩnh Phúc
25/24.jpg,Đạo Thạnh Mảý Tha Tều Giang
25/25.jpg,Lằng Trân Thị Xã Giữ Rái Bạc Liêu
25/26.jpg,Thôn Thớng Long Bắk Sa Hưng Hà Thái Bình
31/0.jpg,Vân Cân Hoài Đúc Hà Nội
31/1.jpg,Nghĩéc Ninh Thành Phố Đồng Hải Quảng Bình
31/2.jpg,Yên Lộc Kim Sơn Ninh Bình
31/3.jpg,Tù Lễ Vân Quan Lạng Sơn
31/4.jpg,1828/95 /6 Huỳnh Tấn Phùi P Pú Mỹ Quận 6 Tp Hồ Chí Minh
31/5.jpg,Mỹ Hên Thành Phố Lưng Xuyên An Giang
31/6.jpg,Ngạc Phưng Thường Xuân Thanh Hoá
31/7.jpg,Ấp Tân Thạnh Tân Hương Châu Thành Tền Giang
31/8.jpg,22 Đường 7/5 P Thống Nhất Tp Vũng Tài Bi Vũng Tái
31/9.jpg,Hưng Thịnh Tảo Lạc Cao Bằng
31/10.jpg,Thôn Trạng Sơn Hà Rắc Hà Trung Thanh Hoá
31/11.jpg,65 Đông Huy Tửi Phước Vĩnh Thành Phố Hiế Thới Thiên Hcế
31/12.jpg,3/8 Trần P 72 P Nguyễn Củ Tĩnh Qau Hồ Chí Minh
31/13.jpg,Thôn Độk Ho Tân Thành Răng Mỏ Đứk Nẵng
31/14.jpg,Xải Gn Xã Vĩnh Bình Bắi Vĩnh Thuận Kần Giang
31/15.jpg,Trờng Bằng Tây Ninh
31/16.jpg,Khới 5 Tan Thanh Thành Phố Lạng Sơn Long Sơn
31/17.jpg,Tp Tên Ban Thị Trấn Hp Hoà Tunm Dưng Vĩnh Phúc
31/18.jpg,Thôn Hải Quang Đồng Lục Man Bách Hải Dương
31/19.jpg,Ấp Mỹ Lội A Huệp Hưng Phung Hợp Hảu Giang
31/20.jpg,Thôn Yên Lũng Yên Trung Yên Phong Bắc Ninh
31/21.jpg,4/4 Tân Thất Thuyết P2 Quận 2 Tp Hồ Chí Minh
31/22.jpg,Thôn Cấp Tân Trung Bình Lương Tầi Bắc Ninh
31/23.jpg,Thọ Xuân Đan Phương Hà Nội
31/24.jpg,Cát Minh Phù Cá Bình Định
31/25.jpg,Gề Vấp Tp Hcm
31/26.jpg,Trổ Cừ Thành Phố Mông Cíi Quảng Ninh
58/0.jpg,Tdp Ngãi Tiều Cân Trà Vinh
58/1.jpg,Hồng Châu Yên Lạc Vĩnh Phúc
58/2.jpg,Xóm 15 Nam Dương Nam Trực Nam Địình
58/3.jpg,Ciai Xuân Tân Kỳ Nghệ An
58/4.jpg,Xóm Nam ê Hả Hưng Hải Hậu Nam Định
58/5.jpg,Ấp Trấn Nghĩê Xuân Thiên Thống Nhất Đồng Nai
58/6.jpg,Thôn 9 Ninh Quán Trấn Yên Yên Bái
58/7.jpg,Liêu Đô Lục Yên Yên Bái
58/8.jpg,Thôn 8 Tính Giang Phúc Thọ Hà Nội
58/9.jpg,Vạn Thắng Ba Vì Hà Nội
58/10.jpg,P/96 Ấô Km Đim Đông Định Công Hoàng Hai Hà Nội
58/11.jpg,Nhơn Bình Thành Phố Quy Nhơn Bình Định
58/12.jpg,Trử Nà Đăng Thị Trấn Yễn Lạc Na Rì Bắc Kạn
58/13.jpg,Ấp Ngã Cạg Đông Yên An Biên Kiên Giang
58/14.jpg,Thôn Thanh Giang Thanh Cao Thanh Mai Hà Nội
58/15.jpg,Bải Trành Như Xuân Thanh Hoá
58/16.jpg,Gò Quớc Kiên Giang
58/17.jpg,Phú Châu Đông Hưng Thái Bình
58/18.jpg,Tnỳn Phố 8 ình Tổ Dân Phố 76 Khánh Xuân Tp Buận Mị Thuột Đắk Lắk
58/19.jpg,Xuân Lĩnh Ngh Xuân Hà Tĩnh
58/20.jpg,33/9 Bến Vân Đôn Phường 93 Quận 7 Hồ Chí Minh
58/21.jpg,Yên Thườông Gia Lâm Hà Nội
58/22.jpg,Ấp An Thạnh Tân An Thạnh Bình Tân Vĩnh Long
58/23.jpg,Quy Trinh Duy Xuyên Quảng Nam
58/24.jpg,Thôn Tân Hệ Điền Lộc Phong Điền Thia Thiên Huế
58/25.jpg,Xạn Tx Thái Bảc Gia Bình Bắc Ninh
58/26.jpg,Thôn Chung 1 Ngũ Kiên Vĩnh Tương Vĩnh Phúc
60/0.jpg,An Thạnh 7 ê Lao Dung Só Trăng
60/1.jpg,6167/8 Dân Lón 6ư P3 Quận 9 Hồ Ch Minh
60/2.jpg,44 Đông Hải Tp Phan Qang Tháp Chân Ninh Thuận
60/3.jpg,Thôn Ea La Bn Sân Bắk Lắk
60/4.jpg,Lương San Tp Sông Cng Thái Nguyên
60/5.jpg,Xóm Phú Tin Ngha Phú Nghĩã Đàn Nghệ An
60/6.jpg,67 Nguyễn Thuyến Tp Huế Thừu Thân Huế
60/7.jpg,Trung Lương Bình Lc Hà Nam
60/8.jpg,Minh Châu Diếần Châu Nghệ An
60/9.jpg,322 Khu Vụ 7 Hưung Pú Cái Rằng Cần Thơ
60/10.jpg,Thuỷ Châu Thị Xã Hưng Thuỷ Thừn Thuận Huế
60/11.jpg,Vĩnh Quang Tp Eao Bằng Cao Bằng
60/12.jpg,Hồng Bằng Hải Phòng
60/13.jpg,Thôn Hồng Nín Quỳnh Hồng Quỳnh Lu Nghệ An
60/14.jpg,Thôn Xa ệ Hồng Trung Hoằng Đa Thanh Hoá
60/15.jpg,Chí Minh Tủ Kê Hải Dương
60/16.jpg,Phước Hiệp M Tây Nam Bần Tre
60/17.jpg,Thôn 4 Hoà Kễ Rrông Bằng Bắk Lắk
60/18.jpg,Ngau Lộc Hậu M Lợc Thanh Hoá
60/19.jpg,Phước Tân Bải Ân Ninh Thuận
60/20.jpg,486 159 Tân Thới Sơn Định Cng Lón Bến Tre
60/21.jpg,Vĩnh Nguyên Nha Trang Khanh Hoà
60/22.jpg,Xã Đông Đi H Phú Lưng T Thịi Nguyên
60/23.jpg,Khu Thung Thu Hồng Xuyên Đan Hàn Phú Thọ
60/24.jpg,Ấp Thành Nhị Bình Xuân Cò Công Tân Giang
60/25.jpg,Thôn Lê Lại 5 Bằng Xuân Đông ương Thái Bình
60/26.jpg,Đông Cao Thị Xã Phố Yêân Thái Nguyên
62/0.jpg,Hải Xuân Hản Hạu Nam Định
62/1.jpg,Phưng Định Trạc Ninh am Định
62/2.jpg,King Hnghuý Thảu Thua Thái Bình
62/3.jpg,Ldp Đình 7 Càm Tà Tn Lân Thín Hoà
62/4.jpg,Thôn Phú Xân 3 Tân Lộp Vĩnh Trường Vĩnh Phúc
62/5.jpg,Tổ 7 Xuân Hà Than Cê Hà Nẵng
62/6.jpg,Tôn 6 Tà Ràng Rông Bng Bắk Lắk
62/7.jpg,Tường Sơn Nông Vũng Thanh Hoa
62/8.jpg,Ấp Phới Vân Xã Phúc Chí Thị Xã Trảng Rằng Tây Ninh
62/9.jpg,Quyên Thu Thường Trấn Hà Nội
62/10.jpg,Xóm 1 Thôn 1 Quế Kết Ti Linh Bình Thuận
62/11.jpg,Phú Thọ Hoà Tân Phú Tp Hồ Chí Minh
62/12.jpg,Định Thuỷ M Cày Nam Bến Trnk
62/13.jpg,594 Hằng 8a P Sõ Thị Sầu Quện 3 Thp Hồ Chí Minh
62/14.jpg,Xã Lạc Thành Phố Thái Bình Thái Gình
62/15.jpg,Tổ 34 Sông Hiến Thành Phố Cao Bằng Cao Bằng
62/16.jpg,Xóm 1 Thàu 8 Bại Tàa Thiệh Phố Dơn Lội Câm Đồng
62/17.jpg,Tp Hiện Đồng Hồng Tiến Thành Phố Phố Yên Thi Nguyên
62/18.jpg,Ấp Bản Định Xuân Đnh Xuân Lệ Đồng Nai
62/19.jpg,Hưng Trng Hương Nguyên Ngệ An
62/20.jpg,36 Thừ Đại Phường 8 Thành Phố Trà Vinh Trà Vinh
62/21.jpg,Ấp Bình Lâm Lộc An Long Thành Đồng Nai
62/22.jpg,Tp Tổ Hợi Hiệp Tân Tân Phú Hồ Chí Minh
62/23.jpg,Tuggaa 15 /989a Pham hế Hiền QQuận 8 Tp Hồ Chí Minh
62/24.jpg,3a 58 Lê Quỷ Đôn Põ Thị Sải Q Tp Hồ uhí Minh
62/25.jpg,Mau Lâm Thị Xã Ngnh Sơn Thanh Hoá
62/26.jpg,Ấp 7 Bầu Lâm Xuyên Mộ Bè Rịa Vũng Tàu
101/0.jpg,Thanh Đứi Long Hồ Vĩnh Long
101/1.jpg,Liên Phưng Thành Phố Hưng Yên Hưng Yên
101/2.jpg,Tổ 5 Tây Nam Vĩnh Hải Nha Trang Khánh Hoà
101/3.jpg,Quyt Thắng Thành Phố Bân Hoà Đồng Nai
101/4.jpg,Ấp Minh Dùng Minh Thuận V Minh Thương Kiên Giang
101/5.jpg,649 Phan Vân Súi Phường 1 Tân Bình Tp Hồ Chí Minh
101/6.jpg,Yn Phước Bình Chánh Tp Hồ Chí Minh
101/7.jpg,Ấp Hoài Tt Tây Yên A An Biên Kên Giang
101/8.jpg,Tây Hồ Thọ Xuân Thanh Hoá
101/9.jpg,Xón Tân Phường Trnc Hưng Tng Ninh Nam Định
101/10.jpg,3/a Ấp 3 Nhơn Đúi Nhà Bè Hồ Chí Minh
101/11.jpg,Kin Âu Đông Xá Gia Lâm Hà Nội
101/12.jpg,Ấp Hoàn Quân Long Gia Cẩm Mỹ Đồng Nai
101/13.jpg,Hàng Bè Hoàn Kẩm Hà Nội
101/14.jpg,34 Phạm Lênh Công Thành Phố Hải Dương Hải Dương
101/15.jpg,Bản Chang Lê Lợi Nậm Nhân Lai Châu
101/16.jpg,Khôn Kỳ Đại Từ Thái Nguyên
101/17.jpg,Vĩnh Phái
101/18.jpg,Thôn Hoà Bình Nghĩa Hoà Tử Ngha Quảng Ngãi
101/19.jpg,Khu 3 Thanh Minh Thị Xã Phú Thọ Phú Thọ
101/20.jpg,Quang Sơn Thành Phố Tum Điệp Ninh Bình
101/21.jpg,Phú Lương Phú Vang Thừu Thiên Huế
101/22.jpg,n Sối Thành Long Châu Thành Tây Ninh
101/23.jpg,Tổ Dân Phố 2 Thi Trấn Ea Thưng Cư Sit Đắk Nông
101/24.jpg,Nhú Đúc Phú Nam An Chương Mỹ Hà Nội
101/25.jpg,2216 Hậu Qang Phường 78 Quận 2 Tp Hồ Chí Minh
101/26.jpg,Tờng Nhớt Thường Tái Hà Nội
164/0.jpg,Tường Tìn ông Hường H Bà Bi Bà Rò Vũng au
164/1.jpg,T6 Vĩnh Đồng Tãi Quảng Bình
164/2.jpg,Thu 3 Pan Thường Hạ Hoà Chíú Rnh
164/3.jpg,Thị Tấn Đá Sơn Hàn Bối Kiên Giang
164/4.jpg,Tổ5 Rần Thuưỵ Tổ 13 Đnh Long Hu Cần Giềy Hà Nội
164/5.jpg,Xà Nhan Tp Diên Biên Phư Biên Biên
164/6.jpg,Tân 6 Cư A Mung Ea H ạo Đắk Lắk
164/7.jpg,Công Liên Hông Lống Thanh Hoá
164/8.jpg,Tổ 36 Mỹ An Ngũ Hành S9ơn Bà Nẵng
164/9.jpg,Phong Đông Bĩnh Thuận Kiên Giang
164/10.jpg,Ấp Qu Nông 8 Hoà Lợi Chân Thành Tà Vinh
164/11.jpg,66 Trần Cao Pố Huờố Hai Bè Truảng Hà Nội
164/12.jpg,Ha Trch 3è Tanh Quảng Bình
164/13.jpg,Phường 99 Qun 9 Hồ Chíinh
164/14.jpg,Tdp Ngọc Truc Đại Mô Nam Từ Liên HàNội
164/15.jpg,T8 Khu Gia Đình Ti Mỹ Bình Nam T Lêm HàNội
164/16.jpg,Tổ Phời Thp Lội Ca Lào Cai
164/17.jpg,Tiên Lãnh Tân Phớc Quảng Nam
164/18.jpg,Hưng Long Tp Phan Thiết Bình Thuận
164/19.jpg,Cang Thạch Đông Tam Hải Múi Thành Quảng Nam
164/20.jpg,Nam Hiếu Cam Hiếu Cam Lồ Quảng Trị
164/21.jpg,Thôn Bài Hin Bà Ba à Hà Nội
164/22.jpg,Thôn Trung Ngại Hoằng Hến Hoằng Ho Thanh Hoá
164/23.jpg,Tổ 1 Khu Phố6 A Thanh Hải Tp Phạn Thit Bình Thuận
164/24.jpg,Đông Sơn Chương Mg Hàng
164/25.jpg,Quân Kè Ea Bờng Kưông Aịa Đắk Lắk
164/26.jpg,Ấn S Vĩn Trung Thuỷy Mậu Giang
168/0.jpg,Tùn Đinh Bồ Sng Vĩnh Tuâng Lnh Phú c
168/1.jpg,Tùng Lĩnh Nông Gần Thanh Hoá
168/2.jpg,Hoà Thính Tâu Hoà Thú Tàn
168/3.jpg,Xàn Nuy Tan Hiên Thanh Trố Hà Nội
168/4.jpg,Hại Vu Xiền Bình Tân Thanh Long An
168/5.jpg,Thôn An Vĩnh Vày Ag Kến Xương Thái Bình
168/6.jpg,Kỳ Thị Xương 7 Thưi Long Cn Cần Thơ
168/7.jpg,Tổ 89 Trình Sươ Thủ Mưng Hà Đông Hà Nội
168/8.jpg,98 Lê Yên Hểu Phưng 1 Thành Ph Tân A Long Nng
168/9.jpg,Thán Tân Hoà Cân Lè Hư Hồ Thái Bình
168/10.jpg,Thanh Hại Hoậ Hoi Tháu Tp Chú Linh Hoải Dinh
168/11.jpg,Thôn 6 Ha Bản Thanh Th ệ Hà Nội
168/12.jpg,Nghển Kha h Nghận Đản Nhệ An
168/13.jpg,Xum Thới Hà Tan hnh Hoá
168/14.jpg,Tổ 1 Ấp Vĩnh Thố Vĩnh Sai An Thủ An Giang
168/15.jpg,Sơn Đông Hồnh Lợn Thịu h Vĩnh Thúế
168/16.jpg,Sơn Đảng Lnh Lợệ Thnh Vĩnh The
168/17.jpg,Tổ 6 Khu Thổ 5 Thị Trấc Pưĩnh A Vĩnh Ciửu Đồng Nai
168/18.jpg,96489 Hương Thị Dĩnh Tân Thớỷ Hoà Tần Phú Đà Ch M inh
168/19.jpg,Nam ươn Tân Gờng Hại Thòng
168/20.jpg,Tổ 1 Ấp 1 Bàn Coan Kiong Thành Đồng Nai
168/21.jpg,Thôn Bn Đề Bạnch Xa Hoàn Tân Tuyên Quang
168/22.jpg,Thu Đường Hưng Thuậ Thừn Thiền Huế
168/23.jpg,Thôn Cải Yêân Nham Hin Huộn ạng Sơn
168/24.jpg,Xác 7 Hạa X Hải Hàu Nam Rìinh
168/25.jpg,Hạu Đông Hả Hều Nam Đinh
168/26.jpg,96/92c Hềy Dần Phường 9 Quận 6 Tạ Hồ Chí Minh
169/0.jpg,Ấp 22 An Thạch Bến Lớc Long An
169/1.jpg,9a/65 Khu Thố 8 Quyếốt Thắng Thành Thố Bìn Hoà Đồng Nai
169/2.jpg,Tân Phưới Tân Hồng Đồng Tháp
169/3.jpg,Tt Nân Cần Nam Sãi Cà Mau
169/4.jpg,Thành Phố Nam Định Nam Định
169/5.jpg,Cum 8 Tân Hộ Thường Hà Nội
169/6.jpg,21 Kim Nà Thường Lống Vị Ba Đình Hà Nội
169/7.jpg,Thôn Lộc An Thới Hạn An Thuỷ Lộ Thuỷ Quảng Bình
169/8.jpg,Số 9 Ngõ 7/8 Kguyễn Khnh Tân Tổ 8 Quan Ra Cí Hn
169/9.jpg,Kinh Tổ Mới Suới Tiên Điân Khánh Khánh Hoà
169/10.jpg,Đông Đồ Hny Hò Thái Bình
169/11.jpg,Xónh Ran Đu Tên Trạnh Phú Lương Thai Nguyên
169/12.jpg,Xóni 6 Hiền Thuận Gia Thuỷg Nam Định
169/13.jpg,Đp Bình Hng 2 Đại Hoà Lên Bình Đại Bến Trị
169/14.jpg,Vĩnh Tâng Nưới Qan Thành Phố Chần Đới An Giang
169/15.jpg,Vĩnh Thuận 8 Kiên Giang
169/16.jpg,19g Từ Hiền Thành Phường Xổ Quận 66 Hồ Chí Minh
169/17.jpg,Xaui Tân Nin Hà Thành Yân Nghệ An
169/18.jpg,Hội Vĩnh Huưng Vĩnh Quc Thu Xã Nà Nên Sác Trăng
169/19.jpg,Tổ Thừậu Hộ Thiận Hoác Thánh Há
169/20.jpg,82/3 Vi Văn Kiệt Thường 5 Quận S5 Hồ Chí Minh
169/21.jpg,926//8 Nguyễi Hưển Cành 8 32 T ườ Tần Bè Bái Khiiih
169/22.jpg,Thôn 1 Thị Trấn a Suỳ Ea Sg Đắn Đnk
169/23.jpg,Nhạnh Thu Ku Baảng Hà Nam
169/24.jpg,Cầu Sn Bình Lơn Hằng Sng
169/25.jpg,61 Hư Nhưu Hhưn Hậu Trhiờn Nh  Đắn Nai
169/26.jpg,88 Chu Dai Phường Sầi Nha Tàng Khinh Cái
214/0.jpg,Thôn Chân Ân Phưng Yân Bình Xuyên Nnh Phưc
214/1.jpg,Tấn Tu Thạnh Lên Giăn Lp Thạch Vĩnh Phoák
214/2.jpg,Thôn Thọ Lộã Minh Rai HVà Thuú Thài Bình
214/3.jpg,Trị Trấn Hoai Kần Ng Hồ Kim Tum
214/4.jpg,Phú Yên Phú Xuyên Hà Nội
214/5.jpg,Pố 7 Ấp 8 Phu Vinh Định Quân Đồng Nai
214/6.jpg,Hoà Mạc Tị Xã Duy Tiều Hà Nam
214/7.jpg,Anh Thạnh Trung Chợ Mới An Giang
214/8.jpg,Vần Xái Kim Sảng Hà Nam
214/9.jpg,Xã Khảnh Sơn Huyên Nam Đần Nghệ An
214/10.jpg,Trường Yên Chương Mỹ Hà Nội
214/11.jpg,Trung Yân Nam Từ Liânm Hà Nội
214/12.jpg,Thôn Hoằng Dụ K Khang Kỳ Anh Hà Tĩnh
214/13.jpg,Tống Minh Kiến An Hải Phòng
214/14.jpg,Thôn Nghĩn Lê Vông Xuyên Phú Thọ Hà Nn
214/15.jpg,Vĩnh Thạnh Vĩnh Tường Vĩnh Phúc
214/16.jpg,Vĩ Thờng Kẩến Xương Thái Bình
214/17.jpg,78 Nhơn Thuận Nhơn Thạnh Trung Tp Tân An Long An
214/18.jpg,Thôn Truệ Lâm Hằng Diệu Sn Lộc Hải Dương
214/19.jpg,Tổ 3 P Long Biên Long Biên Hà Nội
214/20.jpg,Ấp An Chu Bắc Sơn Trảng Bam Đồng Nai
214/21.jpg,Thấn 8 Vĩnh Đôn Đận Bân Quảng Nam
214/22.jpg,Cân 4835 C8 K1 Vĩnh hung Vĩnh Ngạc Na Trang Khu
214/23.jpg,9/8 Pam Quỳ Thánh Tân Quỳ Tân Phú Tp Hồ Chí Minh
214/24.jpg,Xón Hưng Sơn Tân Hương Thị Xã Phú Sân Thái Nguyên
214/25.jpg,Khân 8 Pường 8 Thành Phố Cà Man Ca Mai
214/26.jpg,Tp Tân Trau Tân Truy Long An
215/0.jpg,Bình Hong Trung Sa Lãnh Đồng Thp
215/1.jpg,8 8 Nhơn Thuận Nhơn Trạnh Trung Tp Tân An Long An
215/2.jpg,Thôn 6 Xuân Thọ Triệu Sơn Thanh Hoá
215/3.jpg,Ga Lương Gia Lộc Hải Dương
215/4.jpg,Tổ 1 Thanh Kiều Thanh Lương Bình Long Bình Phưnh
215/5.jpg,Khấn 2 7 Hưng Bình Vinh Nghệ An
215/6.jpg,Chu Minh Giang Hưng Xuyên Đan Đưng Phú Thọ
215/7.jpg,Tôn Duư Định Lạc Di Linh Lâm Đồng
215/8.jpg,37183 Xâm Đất Phường P1 Quận 38 Tp Hồ Chí Minh
215/9.jpg,Trường Thị An Lã Hải Pằng
215/10.jpg,Xóm 3 ân Nôn Đồng Quang Quốớc Cai Thà Nội
215/11.jpg,33761/2 Bố Tây Nhà Mbt Thành Di Rạc Liêu Bạ Liêuau
215/12.jpg,Thôn Thông 15 Hên Lâm Đân Lân Tuyên Quang
215/13.jpg,Phù Cường Thú Dầùu Np Bình Dương
215/14.jpg,Phù Quải Phù An Pảu Tân An Giang
215/15.jpg,Chu Phố 6 P Dương Đông Tp Phù Quới Kiên Giang
215/16.jpg,Thôn Quỳy Sơn Cẩm Quy Cẩm Thuỷ T Tanh Hoà
215/17.jpg,Nam
215/18.jpg,89 Long Mỹ Long Thành Bắc Đà Thành Tây Ninh
215/19.jpg,67 Ấp 4 Phước Léc Nà Bè Tp Hồ Chí Minh
215/20.jpg,716 Quớc Tí Giần Đông Đôn Hà Nội
215/21.jpg,Hiệp Hhành Thành Phơ Bạan Liệu Bai Liêu
215/22.jpg,Đăk Cầm Thành Phố Kan Tuam Kan Tum
215/23.jpg,An Thành 9 Bình An Thờng Bình Quảng Nng
215/24.jpg,Quang Trung Đồng Đn Hà Nni
215/25.jpg,8 853 1 4 Huyỳnh Lân Bánh Pường 18 Phú Nhiên Trịh Phí Mnh
215/26.jpg,Thôn Hôn Nất Lai An Qm Thành Hải Dương
252/0.jpg,571/21 Phan H/áí P822 76 Tp Hồ Chinh
252/1.jpg,5349 Trần Hưng Đạc Thành Phố Rạnh Gi Kiên Giang
252/2.jpg,Thôn Đồng Trang Hồng An Hưng Hà Thái Bình
252/3.jpg,Tổ Dân Phố 6 Thị Trấn Phố Châu Hương San Hà Tĩnh
252/4.jpg,Tân Phường Chương Mỹ Hà Nội
252/5.jpg,Lân Óa Bè Thước Thanh Hoá
252/6.jpg,Long Hưng 8 Long Sơn Thị Xã Tân Châu An Giang
252/7.jpg,Yên Lư Yên Dưng Bắc Giang
252/8.jpg,Bếc An Thành Phố Phí Linh Hải Dương
252/9.jpg,K8h/91a Đị Vinh Sửi Phường 89 Quận 8 Hồ Chí Minh
252/10.jpg,Thịi Tến Tiểu Cần Tiều Cần Trà Vinh
252/11.jpg,Tổ 7p4 Ấp Xuân Hưng Xuân Lội Đồng Nai
252/12.jpg,Thị Trấn Đông Phú Quầ Sơn Quảng Nam
252/13.jpg,Phường 18 Gò Vấp Hồ Chí Minh
252/14.jpg,Tổ Dân Phố Tấu Hoàng Thị Triến Tiền Hải Tiền Hải Thái Bình
252/15.jpg,Tây Xuân Tây Sơn Bình Định
252/16.jpg,77/6 Đố Ngũi Liễu Lai Ba Đình Hà Nội
252/17.jpg,Trung Hưng Cố Đi Cần Thơ
252/18.jpg,Thị Trấn Núi Đôi Kiến Thuy Hả Phòng
252/19.jpg,Phước Thạnh Gò Dầu Tây Ninh
252/20.jpg,Thôn 9 Dân Trùu Yêu Phường Yên Lạc Vĩnh Phúc
252/21.jpg,Sơn Lợi Bình Xuyên Vĩnh Phúc
252/22.jpg,Thôn Chí Phú Thanh Phi Thanh Chương Nghệ An
252/23.jpg,Mỹ Lợi A Cái Bè Tiền Giang
252/24.jpg,738/86 Trần Xuân San Kp74 P ân Hưng Quận 7 Tp Hcm
252/25.jpg,Tổ75 Xuân Hà Thanh Khê Đà Nẵng
252/26.jpg,Tầu Khu Pa Khan Thị Trền N Mi Châu Mộc Châu Sơn La
253/0.jpg,4582a 1 Mỹ Tân Phường 3 Thành Phố Bến Tri Bến Tre
253/1.jpg,Thôn Thông Bi Tân Trường Thị Xã Nghi Sơn
253/2.jpg,77/39/3 Dụ 22 Định Hoà Tp Thủ Cầu Một Bình Dương
253/3.jpg,Cà Tường Nho Quan Ninh Bình
253/4.jpg,Xóm 8 Hải Anh Hải Hậu Nam Định
253/5.jpg,3/34 Vĩnh Phú Vĩnh Thành Chợ Lách Bến Tre
253/6.jpg,Thanh Trí Minh Phú Sóc Sơn Hà Nội
253/7.jpg,Nam Trường Giang Hải Phú Lộc Tha Thiên Huế
253/8.jpg,37/9/56 Hoàng Xuân Nhị Phú Trung Tân Phú Hồ Chí Minh
253/9.jpg,Tổ 96 Ấp Cái Nớa Bình Minh Vinh Thuận Kiên Giang
253/10.jpg,Xóm Cầu Gàng Văn Yên Đai Tờ Thái Nguyên
253/11.jpg,Thôn Nhú Ngọc Phước Thái Ninh Phước Ninh Thuận
253/12.jpg,Phú Thường Huế Thừu Thiên Huế
253/13.jpg,Hồng Giang Lục Ngan Bắc Giang
253/14.jpg,Bản Lông Hồ Tà Lại Mộc Châu Sơn La
253/15.jpg,Lê Lợi Thành Phố Kon Trum Kom Tum
253/16.jpg,Thôn Hp Thành Phú Nhuận Lạc Ngan Bắc Giang
253/17.jpg,Cia Đức Thuỷ Nguyên Hải Phòng
253/18.jpg,Ấp Sơn Thuận Mỹ Thuận Hàn Đất Kiên Giang
253/19.jpg,Đu Phước Nhơn Truch Đồng Nai
253/20.jpg,Tổ 4a Ấp Chánh Tân Thông Hội Cáú Chù Hồ Chí Minh
253/21.jpg,Đông Phú Lục Nam Bắc Giang
253/22.jpg,Lông Điền Tây Đông Hải Bạc Liêu
253/23.jpg,Nghan Thái Tân Kỳ Ngihệ An
253/24.jpg,7/c Đy 4 Kp8 Linh Xuân Thành Phố Thú Đức Hồ Chí Minh
253/25.jpg,Thôn An C Mần Tp Cần Thơ
253/26.jpg,Thôn Yên Từp Yên Lư Yên Dũng Bắc Giang
284/0.jpg,Thôn Vị Tru Thanh Trùi Thành Phố Vĩnh Yên Vĩnh Phúc
284/1.jpg,Ấp Tân An Tâu Bình Châu Thành Đồng Thọ
284/2.jpg,19 Trần Liễu Thanh Bình Tp Hải Dương Hải Dương
284/3.jpg,Thôn Mi Hưng Đạo Tam Dương Vĩnh Phúc
284/4.jpg,Q83 Ginh Đếi Vu Đồn Phường 59 Quận 9 Hồ Chí Minh
284/5.jpg,Tổ 83 Khu 8b Hà Phong Thành Phố Hạ Long Quảng inh
284/6.jpg,Tuâu Thường Tiều Phong Quảng Trị
284/7.jpg,18 Nõ 942 Bạnh Mải Bạnh Ki Hải Ba Rưng Hà Nội
284/8.jpg,Bà Hinh Quảnh Phấm Đản Dôi Cà Mau
284/9.jpg,Thôn Tĩnh Bình Nhơn Hạnh Thị Xã An Nhơn Bình Tịnh
284/10.jpg,Thị Trấn An Phú An Phú Anị Giang
284/11.jpg,Kimn Đường Lống Hoà Hà Nội
284/12.jpg,Ấp Bình An Đằng Hưng Phưới Ch9 Gạo Tiền Giang
284/13.jpg,Xân Phú Xuyên Quang Tuyên Quang
284/14.jpg,Lộo Thuận Bình Đại Bến Tre
284/15.jpg,Phú Xuân 1 Mải Dần Châu Thành Hậu Giang
284/16.jpg,6/4 Đường Sn 97 Ph Hoà Bình Tân Tp Hồ Chí Minh
284/17.jpg,Khu Phố Yên L Tân Hồng Thành Phố Từ Sơn Bắc Ninh
284/18.jpg,Thành Phú Thủ Đức Hồ Chí Minh
284/19.jpg,Xóm 26 Tiên Mải Hương Sơn Mỹ Đức Hà Nội
284/20.jpg,Thôn Hà Linh Đình Ca Phù Cừ Hưng Yên
284/21.jpg,Yên Tông Bác Phú Sóc Sơn Hà Nội
284/22.jpg,85/51 Võ Văn Kiết Phường 22 Quận 4 Hồ Chí Minh
284/23.jpg,Ấp Tân Đông 5 Tân Lp Tân Biên Tây Ninh
284/24.jpg,Trường Xuân Quảng Ninh Quảng Bình
284/25.jpg,An Mỹ Quỳnh Phu Thái Bình
284/26.jpg,N6 Tràng Gih Tân Tiến Tp Buản Ma Thuếnt Đắk Lắk
285/0.jpg,Phan Đìnhờng P C6 B Tp Đà Bình
285/1.jpg,Thôn Trôn Vông Vũ Linh Yên Bình Yên Bái
285/2.jpg,Khóm An Li P An Bình A Tp Hồng Ng Đồng Tháp
285/3.jpg,Thôn Phú Lảo Đôàn Liên Qu Vổ Bắc Ninh
285/4.jpg,Hoà Phong Thị Xã Mỹ Hoà Hưng Yên
285/5.jpg,Bom Ka Mụ1 Quảng Khê Dắk Gong Đắnk Nông
285/6.jpg,Ấp Tân Phú Tấn Mỹ Chọ Mới An Giang
285/7.jpg,Bình Hoà Giao Thuờỷ Nam Định
285/8.jpg,Kim An Thanh Cai Hà Nội
285/9.jpg,Phương Gia Vã Nhai Thái Nguyên
285/10.jpg,Lương Nông Nam Đức Thạnh Mỗ Đức Quảng Ngãi
285/11.jpg,Vĩnh Léc P Bình Chánh Hồ Chí Minh
285/12.jpg,Xóm Thuận Minh Thuận Sơn Đô Lương Ng hệ An
285/13.jpg,Thanh Nôn Thanh Sơn Kim Bằng Hà Nam
285/14.jpg,Thôn Tân Sơn 5 Tân Bình Lạng Giang Bắc Giang
285/15.jpg,761a Pham Thừ Hiến Pổ Quận 3 Tp Hồ Chí Minh
285/16.jpg,Thị Trấn Đò Lương Đô Lương Nghệ An
285/17.jpg,Kp Na Kh8 Thị Trấn Mường Lót Mường Lát Thanh Há
285/18.jpg,8/1 Trần Cuớc Tân P 5 Thành Phố Mỹ Tho Tiền Giang
285/19.jpg,Tân Tiến Mậu Lâm Như Thanh Thanh Hoá
285/20.jpg,Xóm Dau Võ Miếu Thanh Sơn Phú Thọ
285/21.jpg,Vạn Điến Thường Tí Hà Nội
285/22.jpg,Ấp 6 Thị Trấn Long Phú Long Phú Sóc Trăng
285/23.jpg,Tân Trung Tân Bình Bình Tân Vĩnh Long
285/24.jpg,Vĩnh Thới Lai Vung Đồng Tháp
285/25.jpg,Long Định Long Thắng Lai Vung Đồng Tháp
285/26.jpg,Lộc Sơn Phú Lộc Thừa Thiên Huế
290/0.jpg,Thịnh Long Hải Hậu Nam Định
290/1.jpg,78 2 Mạc Cửu Vĩnh Thành Rạch Giá Kiền Giang
290/2.jpg,Tổ 1 Ấp 8 Lộc Thuận Lộc Ninh Bình Phước
290/3.jpg,Thôn Lạc Thành Bắc Tây Ninh Tiền Hải Thắc Bình
290/4.jpg,Phước Long 5 Phan Dường Minh Càu Tây Ninh
290/5.jpg,Cẩm Hà Tp Hệi An Quảng Nam
290/6.jpg,Hp Thắng Triệu Sơn Thanh Hoá
290/7.jpg,65 Ngõ 782 Nguyên Khiết Phú Tân Hoàn Kiến Hà Nội
290/8.jpg,Thôn Trà Sơn Cam Phước Đông Can Ranh Khánh Hoà
290/9.jpg,An Lư Thuỷ Ng uyiên Hải Phông
290/10.jpg,Thôn 6 Ea V/ê Buôngôn Đắk Lắk
290/11.jpg,Kháng Chiến Tràng Định Lạng Sơn
290/12.jpg,Thôn Lăng Cà Đông Tiền Hảu Lảng Lạng Ln
290/13.jpg,Đồng Hải Quảng Bình
290/14.jpg,1585 Ng 7 Trình Trường Thạnh Tp Thủ Đức Tp Hồ Chí Minh
290/15.jpg,Diến  Thành Diềễn Câu Nghệ An
290/16.jpg,Xóm Trà Hương Gia An Giao Thuỷ Nam Định
290/17.jpg,Tổ Trung Khong Gia Lai
290/18.jpg,Tổ 7 Khu Phố 8 Đức Tâi Đức Linh Bình Thuận
290/19.jpg,Khu Đồng Chung Hưng Long Yên Lập Phú Thọ
290/20.jpg,Đông Kinh Đông Hưng Thái Bình
290/21.jpg,Trưung Hải Gia Linh Quảng Trị
290/22.jpg,Thị Xá Trùng Bùng Tây Ninh
290/23.jpg,Ấp Hậệp Thành Mỹ Hiệp Sơn Hàn Đất Kiên Giang
290/24.jpg,Thôn Thắng Lộc Bình Lường Nhú Xuân Thanh Hoá
290/25.jpg,Thôn Định Tân Bình Châu Bình Sơn Quảng Ngãi
290/26.jpg,Nhân La Kim Đông Hưng Yên
291/0.jpg,718/94 Trần Xuân Sạn P Tân Hưng Quận 7 Tp Hồ ChíMinh
291/1.jpg,9 18 Bình An Bình Lảng Tân Tru Long An
291/2.jpg,284 Ngõ 13 Phố Chờ KKhiên Trung Phụng Đa Hà Nội
291/3.jpg,Liên Lộc Hậu Lộc Thanh Hoá
291/4.jpg,221 Huỳnh Tấn Phốt Kp6 Phú Mủ Quận 1 Tp Hồ Chí Mih
291/5.jpg,32 Đường 29 Nghĩa Dưng Phúc Xá Ba Đình Hà Nội
291/6.jpg,Thôn Aô Đ Hưng Lạc Giang Bắc Giang
291/7.jpg,Bình Thanh Kiến Xương Thái Bình
291/8.jpg,Ấp Rinh Tám Khánh Bình Tây Trần Vần Thời Cà Mai
291/9.jpg,Tổ 8 Ấp Sa Dup Phước Sang Phú Giáo Bình Dương
291/10.jpg,Thôn Thanh Đặng Minh Hải Vân Lâm Hưng Yên
291/11.jpg,Puyêền Quang Ninh Xã Thành Phố Bắc Ninh Bắc Ninh
291/12.jpg,Triệu Đại Triệu Phong Quảng Trị
291/13.jpg,Minh Tền Địi Từ Thái Nguyên
291/14.jpg,Tổ 6 Tân Chính Quân Thanh Kh Đà Nẵng
291/15.jpg,Khu 6 Phú Thú Thị Xã Khinh Mòn Hải Dương
291/16.jpg,Mỹ Thành Bắc Cai Lậy Tiền Giang
291/17.jpg,Tr Phương Trùng Khánh Ca Bằng
291/18.jpg,Thôn Đôn Quỳnh Đông Sơn Yiên Thế Bắc Giang
291/19.jpg,Thành Phố Sắc Trăng Sóc Tràăng
291/20.jpg,Xóm ĐDiân Kt Tiền Phong Đà Bắc Hoà Bình
291/21.jpg,Long Điền Bà Ria Vưng Tàu
291/22.jpg,Lộc Vương Thành Phố Nam Định Nam Định
291/23.jpg,Thôn Thành Mỹ Tan Phước Phú Minh Quảng Nam
291/24.jpg,Thôn Đồng Lạc 4 Đình Lạc D Linh Lâm Đồng
291/25.jpg,Tam Quan Tam Đải Vĩnh Phúc
291/26.jpg,Tt Đu H Phú Lương T Thái Nguyên
